,Vol,VV
0,-0.1581963830716243,-0.16973890998667152
1,-0.3401424991593042,-0.29713092030141103
2,0.4155796825610159,0.4030993925936152
3,2.4126320217832316,2.347569880684839
